"slug","refInterna","nome","concelho","estado","promotor","tipologias","conclusaoAno","conclusaoMes","conclusao","preco_m2","precoPedido","notas","link","lat","lng","isEmpreendimento","docs","ownerNome","ownerTelefone","ownerTelemovel","contactos"
"apa53217---meneres-777","","APA_53217 - MENÉRES 777","MATOSINHOS","em_construcao","MCAETANO","T1 a T4","2028","9","2028","","","Apartamentos T1 a T4","https://www.garveturproperties.com/detalhes-do-empreendimento/apartamentos-t2-a-t4-em-empreendimento-de-arquitetura-sofisticada-em-matosinhos-porto/23231296","41.179078","-8.68319","1","[]","","","",""
"antas-prime","","ANTAS PRIME","PORTO","em_construcao","MÁRIO ALMEIDA","T1 a T4","2026","12","2026","","","CONCLUSÃO FINAL DE 2026","https://s.craft.me/XqY1fUXgJa1I53","41.16054183295912","-8.585580295037614","1","[]","","","",""
"apa53418---vc-forte","","APA_53418 - VC FORTE","VILA DO CONDE","em_construcao","FERCOPOR","T0 / T1 / T2 / T3 / T4","2028","6","2028","","","Neste momento só existem T2 e T3 no RC que é elevado
Escrituras Junho 2028","https://27006740.hs-sites-eu1.com/pt/fercopor-projetos-comercialização?utm_medium=email&_hsenc=p2ANqtz-9iwfACfUwXKwn2m6lP1DmD3CvsQv9ooX3B4mNDzj3xZ5JoX0FcIOp3n9v4GVcAdYrdsLavk_Ntc5BXqVCbdCUKEN_FJ7xSWxQ74ScOXBzQoLZmj2A&_hsmi=121601192&utm_content=121601192&utm_source=hs_email","41.34337951168891","-8.750900385790908","1","[]","","","",""
"apa53412---foliage","","APA_53412 - FOLIAGE","PORTO","em_construcao","FERCOPOR","T2 / T3 / T4","2028","12","2028","","","Apartamentos T3/T4
Conclusão Inicio 2028","https://www.garveturproperties.com/detalhes-do-empreendimento/apartamentos-t1-a-t4-em-empreendimento-na-foz-porto/23409581","41.16061301566964","-8.673432579455456","1","[]","","","",""
"apa53674---raiz","","APA_53674 - RAÍZ","PORTO","em_construcao","FERCOPOR","T1 / T2 / T3 / T4","2028","12","2028","","","Apartamentos T2/T3/T4
Conclusão Setembro 2028","https://www.garveturproperties.com/detalhes-do-empreendimento/apartamentos-t1-a-t4-em-empreendimento-na-avenida-da-boavista-porto/24010217","41.16458988957599","-8.670498322071996","1","[]","","","",""
"apa53551---the-avenue","","APA_53551 - THE AVENUE","PORTO","em_construcao","NORTH PROPERTIES","T2 | T3 | T4","2026","4","2026","","","Apartamentos T2/T3/T4
Conclusão 1º trimestre 2026","https://www.garveturproperties.com/imoveis?ref=APA_53551","41.16521362846466","-8.59755387983526","1","[]","","","",""
"apa53570---the-view-i","","APA_53570 - THE VIEW I","GONDOMAR","em_construcao","NORTH PROPERTIES","T3 / T4","2027","8","2027","","","Apartamentos T3
Conclusão 2º Trimestre 2027","https://www.garveturproperties.com/imoveis?ref=APA_53570","41.13823767440179","-8.570998603252303","1","[]","","","",""
"apa52847---avenida-premium","","APA_52847 - AVENIDA PREMIUM","VILA NOVA DE GAIA","concluido","MS-Group","T2 | T3","2025","12","2025","","","Apartamentos T2/T3
CONCLUSÃO FINAL DE 2025","https://www.garveturproperties.com/detalhes-do-empreendimento/apartamentos-t1-a-t3-1-em-empreendimento-premium-em-excelente-localizacao-urbana-vila-nova-de-gaia/21695223","41.11687076428396","-8.60676265928301","1","[]","","","",""
"apa53578---bosk","","APA_53578 - BOSK","GONDOMAR","licenciado","NORTH PROPERTIES","T2 / T3","2028","12","2028","","","Apartamentos T2 e T3
Só está internamente porque não temos certificados energéticos","https://s.craft.me/3avl2BZlpAiF6t","41.13344697492787","-8.537099324342659","1","[]","","","",""
"apa53396---gramoinhos","","APA_53396 - GRAMOINHOS","VILA NOVA DE GAIA","em_construcao","NOSSO CAPITAL","T1 / T2","2026","12","2026","","","Apartamentos T2
Conclusão último Trimestre de 2026
Só está internamente não permitem exportar","https://nossocapital.pt","41.108807119835845","-8.622940960507071","1","[]","","","",""
"apa53387---madalena-vista-mar","","APA_53387 - MADALENA VISTA MAR","VILA NOVA DE GAIA","licenciado","NOSSO CAPITAL","T1 / T2 / T3","2029","12","2029","","","Apartamentos T2 e T3
Só está Internamente, promotor não deixa exportar","https://nossocapital.pt","41.10759126658638","-8.654901852935241","1","[]","","","",""
"herdade-de-vilar","","HERDADE DE VILAR","VILA NOVA DE GAIA","licenciado","CONSFLY","T0 / T1 / T2","2028","12","2028","","","Apartamentos T0/T1/T2
Podemos comercializar.","https://herdadevilar.com","41.08653343602931","-8.623769513683161","1","[]","","","",""
"cas53524---foz-nature","","CAS_53524 - FOZ NATURE","PORTO","em_construcao","INSPIRED ORBIT","T3 / T4 / T5","2027","5","2027","","","Apartamentos / Moradias T3/T4/T5
CONCLUSÃO MAIO 2027
Só está Internamente, não podemos exportar","https://foznature.pt","41.15107803555791","-8.668082879521076","1","[]","","","",""
"apa52854---the-breeze","","APA_52854 - THE BREEZE","VILA NOVA DE GAIA","em_construcao","CASTRO GROUP","T2 | T3","2026","3","2026","","","Apartamentos T3","https://www.thebreeze.pt","41.1238635424034","-8.665992065583229","1","[]","","","",""
"apa52820---azuaga-68--ernesto-65","","APA_52820 - AZUAGA 68 / ERNESTO 65","VILA NOVA DE GAIA","em_construcao","RED DOT","T1 / T2","2026","7","2026","","","Apartamentos T1/T2","https://www.garveturproperties.com/detalhes-do-empreendimento/apartamentos-t1-e-t2-junto-ao-rio-em-vila-nova-de-gaia/21686025","41.13685625316915","-8.606250889181755","1","[]","","","",""
"cas52875---aurios","","CAS_52875 - AURIOS","PORTO","em_construcao","EMERGE","T3 / T4","2026","3","2026","","","Apartamentos / Moradias T3/T4
Só está publicado internamente","https://aurios.pt/pt/","41.14310044431507","-8.587978792886304","1","[]","","","",""
"apa52784---douro-nobilis","","APA_52784 - DOURO NOBILIS","VILA NOVA DE GAIA","em_construcao","REVITO","T0 / T1 / T2 / T3 / T4","2026","3","2026","","","Aparatemnto T4 Duplex
Neste momento só tem disponível um T4 duplex","https://www.garveturproperties.com/detalhes-do-imovel/apartamento-t4-duplex-em-empreendimento-com-vista-rio-em-vila-nova-de-gaia/21658603","41.13232098185415","-8.625137874362425","1","[]","","","",""
"apa52936---douro-nobilis-ii","","APA_52936 - DOURO NOBILIS II","VILA NOVA DE GAIA","em_construcao","REVITO","T0 / T1 / T2 / T3 / T4","2026","12","2026","","","Aparatemnto T4 Duplex
CONCLUSÃO PREVISTA PARA SETEMBRO 2026","https://www.garveturproperties.com/detalhes-do-imovel/apartamento-t4-duplex-com-vista-rio-em-vila-nova-de-gaia/22131069","41.13327451853728","-8.625116416690297","1","[]","","","",""
"apa52701---essence","","APA_52701 - ESSENCE","PORTO","em_construcao","ALMA DEVLOPMENT","T1 / T2 / T3 / T4","2026","3","2026","","","Apartamentos T1/T2/T3/T4
Só está internamente","https://almadevelopment.pt/essence-porto/?utm_source=google&utm_medium=cpc&utm_campaign=ESSENCE%20-%20Max%20Desempenho%20PT&utm_id=20981436680&gad_source=1","41.15882699232601","-8.584600847512442","1","[]","","","",""
"apa53307---nobel-41-85","","APA_53307 - NOBEL 41-85","PORTO","em_construcao","RISE GROUP","T2 | T3","2026","12","2026","","","Apartamentos T2/T3","https://www.risegroup.pt/pt/empreendimentos/nobel-41-85_2/","41.16005727191822","-8.584020180438936","1","[]","","","",""
"apa53572---living-park-vii","","APA_53572 - LIVING PARK VII","PAREDES","em_construcao","MCAETANO","T1 / T2 / T3 / T4","2028","4","2028","","","Apartamentos T2/T3
Só está internamente","https://grupomcaetano.pt","41.20736017061847","-8.324848699290392","1","[]","","","",""
"apa52862---boss-garden","","APA_52862 - BOSS GARDEN","PORTO","em_construcao","ARANSA","T2 / T3","2027","6","2027","","","Apartamentos T3
CONCLUSÃO 1 SEMESTRE 2027","https://aransahomes.pt","41.16772579295225","-8.618726745895463","1","[]","","","",""
"hab53286---privilege-gaia","","HAB_53286 - PRIVILEGE GAIA","VILA NOVA DE GAIA","em_construcao","ARANSA","MORADIAS T3","2028","12","2028","","","Moradias T3
CONCLUSÃO FINAL DE 2028","https://aransahomes.pt","41.064722587590055","-8.63734999653012","1","[]","","","",""
"miramar-gardens","","MIRAMAR GARDENS","VILA NOVA DE GAIA","licenciado","ARANSA","T2 / T3 / T4","2028","12","2028","","","Apartamentos T2/T3/T4 - Ainda não começou
INICIO DA OBRA PREVISTO PARA FEV. 26 
CONCLUSÃO DA OBRA PREVISTO PARA FIM DE 2028","https://aransahomes.pt","41.06470618334978","-8.636321968433883","1","[]","","","",""
"apa53018---vintage-gardens","","APA_53018 - VINTAGE GARDENS","PORTO","em_construcao","SPINTOS","T1 / T1+1 / T2","2026","12","2026","","","Apartamentos T1/T2
CONCLUSÃO PREVISTO PARA FINAL DE 2026","https://www.spintos.pt/inmobiliaria","41.17820021455164","-8.584611707573764","1","[]","","","",""
"apa53092---edificio-radical-i","","APA_53092 - EDIFÍCIO RADICAL I","VILA NOVA DE GAIA","concluido","","T2 / T3","2025","12","2025","","","Apartamentos T3
CONCLUSÃO FINAL 2025","https://s.craft.me/PRE5LHE0vGG99k","41.1264522731553","-8.624792123365081","1","[]","","","",""
"santa-aqua-living","","SANTA AQUA LIVING","MAIA","em_construcao","VIALFASA","T1 / T2 / T3","2027","12","2027","","","Apartamentos T1 / T2/T3","https://s.craft.me/HZPgxxdg16ucHq","41.19786061423495","-8.580508013560049","1","[]","","","",""
"gaia-hills","","GAIA HILLS","VILA NOVA DE GAIA","em_construcao","PROMIRIS E THOMAS & PIRON","T0 A T5","2027","12","2027","","","Apartamentos T1/T2/T3/T4 - Comercialização Dills
NÃO TEMOS ANGARIAÇÃO - TRATA-SE DE PARTILHA COM A DILLS","https://www.gaiahills.pt/pt/","41.143201935062514","-8.632433431491977","1","[]","","","",""
"gaia-lofts","","GAIA LOFTS","VILA NOVA DE GAIA","concluido","PARADISE PYRAMID","T1","2025","12","2025","","","Apartamentos T1 - Comercialização Dills
TRATA-DE DE UMA PARTILHA COM A DILLS","https://s.craft.me/hpGkqO55cEgrUs","41.1393426429201","-8.621594201230561","1","[]","","","",""
"alum","","ALUM","MAIA","em_construcao","PLANO 3","T1 /  T2","2026","12","2026","","","Apartamentos T1/T2 - Só tem 3 Tipologias T1 (239K) e 1 T2 (297k)
CONCLUSÃO 1 TRIMESTRE 2026","https://www.planoa3.pt/#tipologia","41.22759632184907","-8.616974227896442","1","[]","","","",""
"madalena-vila-mar","","MADALENA VILA MAR","VILA NOVA DE GAIA","em_construcao","EDIMARIP / GRUPO 20","MORADIAS T4","2027","12","2027","","","Moradias T4","https://www.m2o.pt/pt/empreendimento/madalena-vila-mar/","41.10225645354176","-8.659719874444308","1","[]","","","",""
"splendouro-village","","SPLENDOURO VILLAGE","VILA NOVA DE GAIA","em_construcao","SHARP DEVELOPERS","MORADIAS  T4 / T5","2028","12","2028","","","29 Moradias T4 a T5
5 MORADIAS ISOLADAS
16 MORADIAS GEMINADAS
8 MORADIAS EM BANDA","http://village.splendouro.com","41.13560172238032","-8.650198933924633","1","[]","","","",""
"the-grand-splendouro","","THE GRAND  SPLENDOURO","VILA NOVA DE GAIA","em_construcao","SHARP DEVELOPERS","T2 / T3 / T4 / T5","2027","12","2027","","","32 Apartamentos T2 a T5","https://grand.splendouro.com","41.13309091751646","-8.667665860923389","1","[]","","","",""
"splendouro-marina-houses","","SPLENDOURO MARINA HOUSES","VILA NOVA DE GAIA","concluido","SHARP DEVELOPERS","MORADIAS T4 / T5","2024","12","2024","","","11 Moradias T4 e T5
MORADIA GARDEN T4 ( disponível o lote 11 )
MORADIAS PANORAMIC T5 ( disponíveis lote 6 e 10 )","https://marina.splendouro.com","41.1392371320332","-8.648993889758607","1","[]","","","",""
"living-sea","","LIVING SEA","VILA NOVA DE GAIA","em_construcao","MCAETANO","T2 / T3 /  T4 / T5","2026","12","2026","","","45 Aparatamentos T2 a T5","https://grupomcaetano.pt/empreendimentos/living-sea/","41.135682386513","-8.667177096092528","1","[]","","","",""
"ocean-living","","OCEAN LIVING","VILA NOVA DE GAIA","concluido","SHALU INVESTMENTS","T2 / T3 / T4","2024","12","2024","","","Apartamentos T2/T3/T4","https://theoceanliving.pt/pt-pt/","41.11538920308218","-8.662048712493501","1","[]","","","",""
"living-prados","","LIVING PRADOS","MATOSINHOS","concluido","MCAETANO","T2 / T3 / T4","2023","12","2023","","","81 Aparatamentos T2 a T4","https://grupomcaetano.pt/empreendimentos/living-prados/","41.17421816440439","-8.685720718592517","1","[]","","","",""
"nautilus-iv","","NAUTILUS IV","MATOSINHOS","em_construcao","MCAETANO","T2 / T3 / T4","2026","12","2026","","","64 Aparatamentos T2 a T4","https://grupomcaetano.pt/empreendimentos/nautilus-iv/","41.17395848527968","-8.683146172174458","1","[]","","","",""
"panorama-douro-residences","","PANORAMA DOURO RESIDENCES","PORTO","concluido","MCAETANO","T2 / T3 / T4","2024","12","2024","","","80 Aparatamentos T2 a T4 + PENTHOUSE","https://grupomcaetano.pt/empreendimentos/panorama-douro-residences/","41.149074155060326","-8.641353189072976","1","[]","","","",""
"marina-douro","","MARINA DOURO","VILA NOVA DE GAIA","em_construcao","MCAETANO","T1 / T2 / T3 / T4 / T5","2026","12","2026","","","Apartamentos T1 a T5
CONCLUSÃO PARA FINAL 2026
 APA_52365","https://marinadouro.com/disponibilidades/","41.14013042837216","-8.651654278112877","1","[]","","","",""
"douro-atlantico-iii","","DOURO ATLÂNTICO III","VILA NOVA DE GAIA","concluido","MCAETANO","T2 / T3 / T4","2025","12","2025","","","21 Aparatamentos T2 a T4","https://grupomcaetano.pt/empreendimentos/douro-atlantico-iii/","41.13499384759188","-8.667757170720947","1","[]","","","",""
"sal-douro-ocean","","SAL DOURO OCEAN","VILA NOVA DE GAIA","concluido","TAGA URBANIC","T1 / T2 / T3","2025","12","2025","","","Apartamentos T1/T2/T3","https://saldouro.com/collection/ocean/","41.134369107234086","-8.668771057960605","1","[]","","","",""
"sal-douro-park","","SAL DOURO PARK","VILA NOVA DE GAIA","em_construcao","TAGA URBANIC","T1 / T2 / T3","2026","12","2026","","","Apartamentos T1/T2/T3","https://saldouro.com/collection/park/","41.13324589063327","-8.667773276265095","1","[]","","","",""
"sal-douro-reserve","","SAL DOURO RESERVE","VILA NOVA DE GAIA","em_construcao","TAGA URBANIC","T1 / T2 / T3","2027","12","2027","","","Apartamentos T1/T2/T3","https://saldouro.com/collection/reserve/","41.134748895546885","-8.667912751125757","1","[]","","","",""
"sal-douro-coast","","SAL DOURO COAST","VILA NOVA DE GAIA","em_construcao","TAGA URBANIC","T1 / T2 / T3","2027","12","2027","","","Apartamentos T1/T2/T3","https://saldouro.com/collection/coast/","41.13324589063327","-8.66776254742966","1","[]","","","",""
"sal-douro-horizon","","SAL DOURO HORIZON","VILA NOVA DE GAIA","em_construcao","TAGA URBANIC","T1 / T2 / T3","2027","12","2027","","","Apartamentos T1/T2/T3","https://saldouro.com/collection/horizon/","41.13324589063327","-8.66776254742966","1","[]","","","",""
"egas-moniz-209","","EGAS MONIZ 209","PORTO","em_construcao","P32 PROPERTIES","T1 / T2 / T3","2027","12","2027","","","15 apartamentos (T1 a T3 duplex, entre 52 m² e 139 m² - Comercializado por Quintela e Penalva","https://egasmoniz209.pt","41.16327642515784","-8.619225835041389","1","[]","","","",""
"casas-alma","","CASAS ALMA","VILA NOVA DE GAIA","em_construcao","NORDEN","MORADIAS T3","2026","12","2026","2850","","14 Moradias T3 - Norden promotor
9 MORADIAS EM BANDA 
5 MORADIAS INDIVIDUAIS","https://www.norden.pt/alma/#","41.07866875799975","-8.619647005820633","1","[]","","","",""
"a-quadra","","A QUADRA","VILA NOVA DE GAIA","em_construcao","PROMIRIS","","2027","12","2027","","","Apartamentos T1/T2/T3 - Comercializado por JLL","https://quadra-gaia.pt","41.13076744940458","-8.605106825709381","1","[]","","","",""
"eleven","","ELEVEN","VILA NOVA DE GAIA","concluido","TAGA URBANIC","T1 / T2 / T3 / T4","2025","12","2025","","","Apartamentos T1/T2/T3/T4 - Taga Urbanic","https://elevengaia.com","41.12894963725594","-8.60895888399385","1","[]","","","",""
"rasa-503","","RASA 503","VILA NOVA DE GAIA","em_construcao","PLANO INCLINADO","T1 / T2 /  T3","2027","12","2027","","","12 Apartamentos T1 a T3
INICIO DA OBRA MARÇO 2025
CONCLUSÃO SETEMBRO 2027","https://plano-inclinado.pt/projetos/rasa-503-vng","41.11820645430063","-8.610682674417696","1","[]","","","",""
"serralves-239","","SERRALVES 239","PORTO","em_construcao","PLANO INCLINADO","T1/ T2 / T3 / T4","2027","12","2027","","","12 Apartamnetos T1/T2/T3/T4
INICIO DA OBRA JANEIRO 2025
CONCLUSÃO JUNHO 2027","https://plano-inclinado.pt/projetos/serralves-239","41.15524885709748","-8.65070278975788","1","[]","","","",""
"land-roots-river","","LAND ROOTS RIVER","VILA NOVA DE GAIA","concluido","BE OPORTO GROUP","T2","2025","12","2025","","","37 Apartamentos T2","https://www.land-roots.com","41.13666037828811","-8.621066547429539","1","[]","","","",""
"side-avenue","","SIDE AVENUE","VILA NOVA DE GAIA","em_construcao","CLEVEROPTION","T0 / T1 / T2","2027","12","2027","","","Apartamentos T0/T1/T2","https://cleveroption.pt/avenue/","41.12109124577433","-8.60884020325301","1","[]","","","",""
"royal-green","","ROYAL GREEN","VILA NOVA DE GAIA","em_construcao","FOUR PARTNERS","T1 / T2","2026","12","2026","","","Apartamentos T/T2/T2 duplex - 11 pisos
A FOUR PARTNERS É A JUNÇÃO DA CVM E 4 A EMPREENDIMENTOS","https://royalgreentower.pt","41.11826078886197","-8.617716332158436","1","[]","","","",""
"prestige-gaia","","PRESTIGE GAIA","VILA NOVA DE GAIA","em_construcao","FOUR PARTNERS","T1 / T2","2026","12","2026","","","80 Apartamentos T1/T2
A FOUR PARTNERS É UM CONSÓRCIO QUE JUNTOU A CVM E A 4 A EMPREENDIMENTOS","https://prestigegaia.pt","41.12621611065877","-8.63051265374531","1","[]","","","",""
"fojo-residences","","FOJO RESIDENCES","VILA NOVA DE GAIA","em_construcao","GRUPO RIO","T1 / T2","2027","12","2027","","","111 Apartamentos T1/T2","https://gruporio.pt/projeto/fojo/","41.1313715094334","-8.639502539030412","1","[]","","","",""
"jardim-das-flores","","JARDIM DAS FLORES","VILA NOVA DE GAIA","licenciado","GRUPO RIO","T0 / T1 / T2","2030","12","2030","","","152 Apartamentos T0/T1/T2","https://gruporio.pt/projeto/jardim-das-flores/","41.10516809637983","-8.622132239790282","1","[]","","","",""
"sao-dinis","","SÃO DINIS","PORTO","licenciado","GRUPO RIO","T0 / T1 / T2","2028","12","2028","","","38 Apartamentos T0/T1/T2","https://gruporio.pt/projeto/sao-dinis/","41.16785472488655","-8.619386774415608","1","[]","","","",""
"sea-leca","","SEA LEÇA","MATOSINHOS","licenciado","GRUPO RIO","","2030","12","2030","","","Brevemente","https://gruporio.pt/projeto/sea-leca/","41.18199770935888","-8.678189777553738","1","[]","","","",""
"majestic-beach","","MAJESTIC BEACH","VILA NOVA DE GAIA","licenciado","","T1 7 T2 / T3","2027","12","2027","","","Apartamentos T1/T2/T3 - Comercializado por Réplica","https://www.idealista.pt/empreendimento/34259172/","41.12948907623479","-8.6665233835363","1","[]","","","",""
"jardins-do-olival","","JARDINS DO OLIVAL","VILA NOVA DE GAIA","em_construcao","","","2026","12","2026","","","52 Apartamentos T1/T2/T3","","41.04568944537345","-8.504388544282502","1","[]","","","",""
"edificio-serra-do-pilar-condominium","","EDIFICIO SERRA DO PILAR CONDOMÍNIUM","VILA NOVA DE GAIA","em_construcao","KOKYU PROPERTIES","T2 | T3","2026","12","2026","","","12 Apartamentos T2 e T3","https://kokyuproperties.com/pt/projects/serra-do-pilar/index.html","41.135148548757925","-8.606343233021903","1","[]","","","",""
"edificio-genuino-sta-marinha","","EDIFICIO GENUÍNO STA MARINHA","VILA NOVA DE GAIA","concluido","GENUÍNO INVESTMENTS","T1 | T2 | T3","2025","12","2025","","","36 Apartamentos T1/T2/T3","https://genuinoinvestments.com/projeto/genuino-santa-marinha/","41.11885677314856","-8.632138615074714","1","[]","","","",""
"pinheiro-manso-residences","","PINHEIRO MANSO RESIDENCES","PORTO","em_construcao","RIVAGE PROPERTIES","T1 | T2 | T3 | T4","2027","12","2027","","","23 Apartamentos T1/T2/T3/T4
Trata-se de um empreendimento com 23 frações, sendo 8 apartamentos T1, 10 apartamentos T2, 4 apartamentos T3 e 1 apartamento T4.","https://www.luximos.pt/pt/novos-empreendimentos/novo-lancamento-pinheiro-manso-residences-apartamentos-novos-t1-a-t4-para-venda-no-porto?utm_source=google&utm_medium=cpc&utm_campaign=Porto&utm_content=PT&gclid=EAIaIQobChMIjt_PjYC2kQMVP2dBAh0VcQVnEAAYASAAEgJo4vD_BwE&gad_source=1&gad_campaignid=1566070537&gbraid=0AAAAADF_QyuP8y8oyDCSfqgpdFv7xqgk9","41.16585498321708","-8.65142693200518","1","[]","","","",""
"fernao-de-magalhaes-127","","FERNÃO DE MAGALHÃES 127","PORTO","em_construcao","AVENUE","TO | T1 | T2 | T3 | T3+1","2027","12","2027","","","334 Apartamentos T0 a T3+1","https://www.fernaomagalhaes127.pt","41.15165864144376","-8.597703289678405","1","[]","","","",""
"life-in-porto","","LIFE IN PORTO","PORTO","em_construcao","","T0 | T1 | T2","2026","12","2026","","","108 Apartamentos T0/T1/T2","https://www.homehub.pt/pt/empreendimentos/life-in-porto_7/","41.15435513479774","-8.605841232005726","1","[]","","","",""
"antas-atrium","","ANTAS ATRIUM","PORTO","em_construcao","QUEST CAPITAL","T0 | T1 | T2 | T3 | T4","2027","12","2027","","","168 Apartamentos T0 a T4 - 2ª fase","https://antasatrium.com","41.163803187891176","-8.5870737748729","1","[]","","","",""
"torrinha-gardens","","TORRINHA GARDENS","PORTO","em_construcao","KOKYU PROPERTIES","T1 | T2","2027","12","2027","","","27 Apartamentos T1/T2","https://kokyuproperties.com/pt/projects/torrinha-gardens/index.html","41.15272879557559","-8.62132977433331","1","[]","","","",""
"boucas-ribas","","BOUÇAS RIBAS","PORTO","licenciado","","T1 | T2 | T3","2028","12","2028","","","37 Apartamentos T1/T2/T3","https://boucaribas.com","41.16102686008893","-8.574724811453944","1","[]","","","",""
"clover-hill","","CLOVER HILL","PORTO","em_construcao","","T1 | T2","2027","12","2027","","","29 Apartamentos T1/T2","https://www.anteprojectos.com.pt/projectos/39021/cloverhill","41.15608235257066","-8.60240373200569","1","[]","","","",""
"bonart-homes","","BONART HOMES","PORTO","em_construcao","NOREON","T0 | T1 | T2 | T3 | T3 DUP","2027","12","2027","","","Apartamentos T0 a T3 duplex","http://bonart.pt","41.14975548981146","-8.593481086508765","1","[]","","","",""
"edificio-nasoni","","EDIFICIO NASONI","PORTO","em_construcao","","T1 | T2","2027","12","2027","","","61 Apartamentos T1/T2","https://www.replica.pt/empreendimentos/detalhe/edificio-nasoni_534/pt","41.16997484377902","-8.579081889677575","1","[]","","","",""
"ferreira-castro-flats","","FERREIRA CASTRO FLATS","PORTO","em_construcao","PORTOBAIXA","T0 | T1 | T2 | T3","2026","12","2026","","","38 Apartamentos T0/T1/T2/T3","https://portobaixa.pt","41.15092817890355","-8.593203933652424","1","[]","","","",""
"guerra-junqueiro---gj-432","","GUERRA JUNQUEIRO - GJ 432","PORTO","licenciado","PORTOBAIXA","T2 | T3","2028","12","2028","","","5 Apartamentos T2/T3 - 1 apt por piso","https://portobaixa.pt","41.15699358401292","-8.636762289678124","1","[]","","","",""
"cartes-l3","","CARTES L3","PORTO","licenciado","CARMAM INVESTIMENTOS IMOBILIÁRIOS","T0 | T1","2028","12","2028","","","Apartamentos T0/T1","https://carfam.pt/projectos-em-desenvolvimento/cartes-l3/","41.16140986278274","-8.57400901851421","1","[]","","","",""
"eden","","EDEN","PORTO","em_construcao","NOMAD","T1 | T2 | T3 | T4 | T5","2027","12","2027","","","O empreendimento é composto por 43 apartamentos, com tipologias que variam de T1 a T5+ (coberturas).
Investimento: O valor dos apartamentos varia entre os 740 mil euros e os 5,1 milhões de euros, dependendo da tipologia e características","https://www.nomadeden.com","41.16351582742485","-8.677519848431455","1","[]","","","",""
"ouro-valley","","OURO VALLEY","GONDOMAR","em_construcao","GFH (Global Financial Housing)","T2 | T3","2027","12","2027","","","Total de Frações e Tipologias: O condomínio é constituído por 4 blocos residenciais distintos, totalizando 219 apartamentos. As tipologias disponíveis são T2 e T3.","https://gfh.pt/pt/portfolio/ouro-valley/","41.166472610941376","-8.549377901404133","1","[]","","","",""
"limites-de-espinho","","LIMITES DE ESPINHO","ESPINHO","em_construcao","PURO IMPACTO LDA","T2","2027","12","2027","","","16 Apartamentos T2/T3","https://remax.pt/pt/empreendimento/empreendimento-rua-dos-limites/8465","40.98357002058062","-8.622787544637047","1","[]","","","",""
"espinho-beach-residences","","ESPINHO BEACH RESIDENCES","ESPINHO","em_construcao","ARLIZ","T1 | T2 | T3 | T4","2026","12","2026","","","65 Apartamentos T1/T2/T3/T4","https://espinhobeachresidences.pt","41.00279747137172","-8.64483656250803","1","[]","","","",""
"light-sea","","LIGHT SEA","ESPINHO","em_construcao","GRUPO MAFAVIS","T1 | T2 | T3","2026","12","2026","","","9 Apartamentos T1/T2/T3","https://mafavis.pt/portfolio/light-sea/","41.00876586582515","-8.635710489685447","1","[]","","","",""
"the-line","","THE LINE","PORTO","em_construcao","GRUPO MAFAVIS","T2","2026","12","2026","","","Total de Frações e Tipologias: O edifício é composto por 60 apartamentos distribuídos por 6 andares. As tipologias disponíveis são exclusivamente T2.","https://mafavis.pt/portfolio/the-line/","41.16490244275441","-8.635848271097249","1","[]","","","",""
"blackwhite","","BLACK&WHITE","ESPINHO","em_construcao","SALGUEIRO PROPERTIES","T1 | T2 | T3 | T4","2026","12","2026","","","Total de Frações e Tipologias: É um edifício de 4 pisos que conta com apenas 12 apartamentos no total. As tipologias disponíveis são T1, T2, T3 e T4, incluindo uma penthouse com vista panorâmica.","https://blackwhite.pt","41.00639962337669","-8.627753231682597","1","[]","","","",""
"twins-22","","TWINS 22","ESPINHO","concluido","","T1 | T2 | T3","2025","12","2025","","","46 Apartamentos T1/T2/T3","https://twins22.pt","41.00217838827017","-8.638982350142372","1","[]","","","",""
"green-golf-villas","","GREEN GOLF VILLAS","ESPINHO","licenciado","","T3+1 | T4","2028","12","2028","","","Total de Frações e Tipologias: O condomínio é composto por apenas 9 moradias exclusivas, garantindo um ambiente de grande privacidade. As tipologias disponíveis são T3+1 e T4.","","41.14119731337355","-8.568019960489835","1","[]","","","",""
"orizon-living","","ORIZON LIVING","GONDOMAR","licenciado","SHALU INVESTMENTS","T1 A T4","2028","12","2028","","","200 Apartamentos T1 a T4 - Comercialização Réplica e Dills","https://www.shaluinvest.pt/orizon-living","41.14119731337355","-8.568019960489835","1","[]","","","",""
"lurion","","Lurion","","em_construcao","","","2028","12","2028","","","Apartamentos de T0 a T4","https://revito.pt/project/solar/","41.13324972791349","-8.599380974599644","1","[]","","","",""
"edificio-quinta-amarela","","Edificio Quinta Amarela","","concluido","","","2025","12","2025","","","14 Apartamentos T1/T2/T3/T4 - Imotolouse","https://imotolouse.pt/portfolio/quinta-amarela/","41.16380461946861","-8.626332431884752","1","[]","","","",""
"the-garden---matosinhos---colegio-efanor","","The Garden - Matosinhos - Colégio Efanor","","em_construcao","","","2027","12","2027","","","146 Apartamentos T0 a T4","https://www.jardinsefanor.pt/pages/edificio-lake/","41.18622693333881","-8.650575274212445","1","[]","","","",""
"santas-residence","","Santa´s Residence","","em_construcao","","","2027","12","2027","","","Apartamentos T2 e T3","https://jcgroup.pt/jcimobiliaria/imoveis/aguas-santas/","41.21174431980964","-8.57398568955385","1","[]","","","",""
"unique---padrao-da-legua---av-xana-gusmao","","Unique - Padrão da Légua - Av. Xana Gusmão","","em_construcao","","","2027","12","2027","","","55 Apartamentos T1 a T3","https://www.idealista.pt/empreendimento/33989967/","41.19120673838551","-8.633362131883537","1","[]","","","",""
"cais-de-leca","","Cais de Leça","","em_construcao","","","2027","12","2027","","","29 Apartamentos T1/T2","https://www.idealista.pt/empreendimento/33985409/","41.19490723468792","-8.69333716071897","1","[]","","","",""
"val-douro-palace","","Val D'Ouro Palace","","em_construcao","","","2027","12","2027","","","13 apartamentos T1 a T4 e 1 VillaT4","https://valdouropalace.com/pt/home-2/","41.14580811803748","-8.621418674214297","1","[]","","","",""
"the-view-ii","","THE VIEW II","GONDOMAR","em_construcao","RIVAGE","T3","2028","12","2028","","","29 Apartamentos T2/T3/T4
CONCLUSÃO FINAL DE 2028
TEM UM T3 CEDÊNCIA DE POSIÇÃO CONTRATUAL","https://www.rivage.pt","41.138206195174526","-8.569972660721525","1","[]","","","",""
"aurora-flower-tower","","Aurora Flower Tower","","em_construcao","","","2027","12","2027","","","124 Apartamentos T1 a T3 - 22 pisos","https://www.vizta.pt/pt/projetos/flower-tower-aurora/3616/?utm_source=google&utm_medium=cpc&utm_campaign=aurora_brand&gad_source=1&gad_campaignid=23009199109&gbraid=0AAAAACKIjOkCn8AGRlntX3SFfkkFkt9ue&gclid=Cj0KCQjwl5jHBhDHARIsAB0Yqjxj4oQD8COAenud-Az3Sfey04yxL9L35lyqLKWBOcPVg6fhXF0vtIEaAi1PEALw_wcB","41.19865562544128","-8.692305958869394","1","[]","","","",""
"oceans-residence","","Ocean´s Residence","","em_construcao","","","","","","","","Apartamentos T3","https://www.idealista.pt/empreendimento/33217139/","41.27793998144888","-8.72407064537272","1","[]","","","",""
"serpa-687","","Serpa 687","","em_construcao","","","2026","12","2026","","","Apartamentos T1","https://www.martinaarch.com/project/sp687/","41.18103519400735","-8.69118058770581","1","[]","","","",""
"pleno","","Pleno","","em_construcao","","","2027","12","2027","","","110 Apartamnetos T1 a T4","https://www.vizta.pt/pt/projetos/pleno/4051/","41.20236599443278","-8.567972789554286","1","[]","","","",""
"miramar-iv","","Miramar IV","","em_construcao","","","2027","12","2027","","","Apartamentos T1/T2/T3","https://www.sublimar.pt/edificios-residenciais/","41.11888377446066","-8.631533077860519","1","[]","","","",""
"cedofeita-271","","Cedofeita 271","","em_construcao","","","2027","12","2027","","","7 Apartamentos T0 e 1 T2","https://www.idealista.pt/empreendimento/34400011/","41.15193445457889","-8.61776491654277","1","[]","","","",""
"alvares-cabral-91","","Alvares Cabral 91","","em_construcao","","","2026","12","2026","","","8 Apartamentos  T0 e T1","https://royal-ventures.com/projects/republica-square/","41.15536864442187","-8.617731489556366","1","[]","","","",""
"ivens-734","","Ivens 734","","","","","","","","","","17 Apartamentos T1 - Rc + 4 pisos","https://royal-ventures.com/projects/ivens-matosinhos-sul/","41.18112664356008","-8.690685874212722","1","[]","","","",""
"catarina-677","","Catarina 677","","","","","","","","","","3 Apartamentos T1 e T2","https://royal-ventures.com/projects/santa-catarina/","41.15240873160375","-8.60499246072091","1","[]","","","",""
"sa-da-bandeira-3139","","Sá da Bandeira 31/39","","","","","","","","","","8 Apartamentos T0/T2/T3 + 1 comercial","https://royal-ventures.com/projects/sa-da-bandeira/","41.14665408674756","-8.610243076063638","1","[]","","","",""
"almada-631","","Almada 631","","","","","","","","","","8 apartamentos T1 e T3 Triplex","https://royal-ventures.com/projects/almada/","41.15319693753287","-8.612223618392102","1","[]","","","",""
"passos-manuel-182","","Passos Manuel 182","","concluido","","","2025","12","2025","","","7 Apartamentos T1 / T2 duplex / Penthouse - Comercializado pela Dills","https://www.idealista.pt/empreendimento/31693901/","41.14686526957011","-8.605599560721135","1","[]","","","",""
"aliados-9","","Aliados 9","","concluido","","","2025","12","2025","","","1 Apartamento T2","https://www.idealista.pt/empreendimento/34130962/","41.1472694832845","-8.611646283837771","1","[]","","","",""
"palacio-fervenca","","Palácio Fervença","","concluido","","","2025","12","2025","","","Apartamentos T1 e T2","https://www.garveturproperties.com/detalhes-do-empreendimento/apartamentos-de-luxo-em-vila-nova-de-gaia/21689481","41.13733062671569","-8.610692119804538","1","[]","","","",""
"boavista-ii","","Boavista II","","concluido","","","2025","12","2025","","","46 Apartamentos T2/T3/T4","https://www.idealista.pt/empreendimento/32458380/","41.15709128871051","-8.624737520462414","1","[]","","","",""
"pac-man-bulding","","Pac Man Bulding","","em_construcao","","","2026","12","2026","","","apartamentos T1, T2, T3 e duplex","https://www.predialmar.pt/empreendimento/pac-man-building/21119410","41.17985479694232","-8.679206874415108","1","[]","","","",""
"o2-maia","","O2 Maia","","concluido","","","2025","12","2025","","","54 Apartamentos T1 a T4","https://abbimoveis.com/?jsf=bricks-query-loop&tax=zona:93","41.23864454080866","-8.620794396287629","1","[]","","","",""
"serralves","","Serralves","","em_construcao","","","2027","12","2027","","","87 Apartamentos T1 a T4","https://abbimoveis.com/imobiliario-habitacao/serralves/","41.156927584760425","-8.651765329066805","1","[]","","","",""
"prisma-douro","","Prisma Douro","","em_construcao","","","2026","12","2026","","","6 Apartamento - 3 T2 e 3 T3","https://www.pfarchviz.com/pt/prisma-douro","41.148624643265855","-8.636486060922728","1","[]","","","",""
"torrinha-337","","Torrinha 337","","concluido","","","2025","12","2025","","","4 Apartamentos T1","https://www.idealista.pt/empreendimento/34509751/","41.152872951803225","-8.623475047464963","1","[]","","","",""
"villa-arpel-sao-roque","","Villa Arpel São Roque","","em_construcao","","","2026","12","2026","","","5 Apartamentos T2 e T3","https://www.idealista.pt/empreendimento/33847018/","41.16505922387608","-8.572239175316545","1","[]","","","",""
"freixo-residence","","Freixo Residence","","em_construcao","","","2026","12","2026","","","11 Apartamentos T2","https://www.idealista.pt/empreendimento/34509753/","41.1417582236252","-8.572207543200904","1","[]","","","",""
"oceanic-reserve","","Oceanic Reserve","","em_construcao","","","2027","12","2027","","","14 Residencias T3 e T4","https://www.oceanicreserve.com/en/","41.25026896346896","-8.717503774440955","1","[]","","","",""
"villas-mearim","","Villas Mearim","","em_construcao","","","2026","12","2026","","","2 Moradias T4","https://prestigerealtyadvisors.pt/imovel/moradias/matosinhos/venda/villas-mearim/","41.18355998977074","-8.685776774444362","1","[]","","","",""
"bow-136","","Bow 136","","em_construcao","","","2026","12","2026","","","8 Moradias T0 a T2 (Promotor - Formalidades)","https://prestigerealtyadvisors.pt/imovel/empreendimentos/porto/venda/bow-136/","41.1480766291095","-8.66343984560978","1","[]","","","",""
"brito-capelo-1023","","Brito Capelo 1023","","licenciado","","","2028","12","2028","","","75 Apartamentos T1 a T4","https://prestigerealtyadvisors.pt/imovel/empreendimentos/matosinhos/venda/brito-capelo-1023/","41.17906139863145","-8.689093289790566","1","[]","","","",""
"mira-douro","","Mira Douro","","concluido","","","2023","12","2023","","","54 Apartamentos T2 a T4","https://www.promiris.com/pt/projectos/","41.16054615042859","-8.588436603834941","1","[]","","","",""
"oporto-luxury-residences","","Oporto Luxury Residences","","em_construcao","","","2026","12","2026","","","84 Apartamentos T1 a T3","https://www.grupoarliz.pt/oporto-luxury-residences/","41.18023002099672","-8.582827732261805","1","[]","","","",""
"greens-vila-moura","","Greens Vila Moura","","em_construcao","","","","","","","","","https://www.garveturproperties.com/detalhes-do-empreendimento/empreendimento-greens-vilamoura-apartamentos-t2-a-t5/19762419","37.10728614237546","-8.142323603740383","1","[]","","","",""
"oriental-park","","Oriental Park","","em_construcao","","","2027","12","2027","","","18 Apartamentos T0 a T2","https://prestigerealtyadvisors.pt/imovel/apartamentos/porto/venda/oriental-park/","41.151594459593056","-8.566722564135889","1","[]","","","",""
"matsu","","Matsu","","em_construcao","","","2027","12","2027","","","15 Apartamento T1 + 2 Lojas","https://matsuporto.pt/wp-content/uploads/2025/10/MATSU-PORTO_Brochura-Digital_PT.pdf","41.156751813338325","-8.625018954219062","1","[]","","","",""
"vintage-18","","Vintage 18","","em_construcao","","","2026","12","2026","","","","https://www.vintage18.pt","41.13222328978224","-8.625819154989989","1","[]","","","",""
"kori-douro","","Kori Douro","","em_construcao","","","2026","12","2026","","","Simple Smart S1 e S2","https://douro.kori.com.pt","41.13207754360183","-8.626357537767738","1","[]","","","",""
"quinta-cravel---kori","","Quinta Cravel - Kori","","em_construcao","","","2027","12","2027","","","","https://cravel.kori.com.pt/?gad_source=1&gad_campaignid=22223823485&gbraid=0AAAAAocFJYoonkKlwyALqE-vzoveWIpd0&gclid=Cj0KCQjw9obIBhCAARIsAGHm1mQB7ELrjFX8xIIk_jqrKRmhtt-e1DrFAru9NzE4ExOFVNCawu3NOUIaAuuoEALw_wcB","41.11408571715527","-8.60131763155496","1","[]","","","",""
"casal-de-passos","","Casal de Passos","","","","","","","","","","2 Apartamentos T3","","41.16276321077935","-8.670590208487024","1","[]","","","",""
"flores","","Flores","PORTO","em_construcao","Douro Habitat","","2026","12","2026","","","Francisco está a contactar mas diz que tem um stand da Chave Nova","https://www.dourohabitat.com/praca-das-flores-porto","41.156491771569364","-8.590431714223085","1","[]","","","",""
"campo-do-ouro","","Campo do Ouro","PENAFIEL","licenciado","MCaetano","","2028","12","2028","","","","","41.22006286914844","-8.25050196676966","1","[]","","","",""
"le-parc","","LE PARC","VILA NOVA DE GAIA","concluido","EFIMOVEIS","T3","2025","12","2025","4000","","ANGARIAÇÃO DE STA MARIA DA FEIRA - NUNO MIGUEL","https://admin.egorealestate.com/egocore/development/25072552","41.13093844241951","-8.647862449427462","1","[]","","","",""
"privilege","","PRIVILEGE","VILA NOVA DE GAIA","em_construcao","4A EMPREENDIMENTOS","T1 | T2 | T3 | T4","2026","4","2026","","","","https://4a.pt/empreendimentos/privilege/","41.12676720277578","-8.629419439680488","1","[]","","","",""
"smart-concept","","SMART CONCEPT","VILA NOVA DE GAIA","em_construcao","FOUR PARTNERS","Smart 1 | Smart2 | Smart 2 Duplex","2028","2","2028","","","É a junção das empresas CVM e 4A Empreendimentos","https://smartconceptgaia.pt/#local","41.13062675920475","-8.627559034562012","1","[]","","","",""
"ocean-side","","OCEAN SIDE","VILA NOVA DE GAIA","licenciado","FOUR PARTNERS","T1 | T2 | T3 | T3 DUP","","","","","","","https://4a.pt/empreendimentos/ocean-side/","41.13024596230538","-8.65335283092408","1","[]","","","",""
"evidence","","EVIDENCE","VILA NOVA DE GAIA","licenciado","FOUR PARTNERS","T1 | T2 | T3","2028","2","2028","","","","https://4a.pt/empreendimentos/evidence/","41.12640353147233","-8.63018118705627","1","[]","","","",""
"collegium-canidelo","","COLLEGIUM CANIDELO","VILA NOVA DE GAIA","em_construcao","CARFAM INVESTIMENTOS IMOBILIÁRIOS","T1 | T2 | T3","2026","4","2026","","","O Edifício Collegium é composto por um total de 34 frações nas tipologias T1, T2 e T3.","https://carfam.pt/projectos-em-desenvolvimentos/","41.12867592074932","-8.64977905140046","1","[]","","","",""
"apartamento-t1---av-premium","GPP-2025-001","APARTAMENTO T1 - AV. PREMIUM","VILA NOVA DE GAIA","concluido","","T1","2025","12","2025","3604","269000","Fração ""N"", correspondente a um apartamento de tipologia T1, com 58,03m2 de área bruta, 1,60m2 de pátio/varanda e 15m2 lugar de garagem, com 74,63m2 de área total de construção, localizado no 3º Andar do Prédio, orientação solar nascente, com entrada pela Avenida da República nº 2408, Vila Nova de Gaia.

Condições de Pagamento:

20% - CPCV (venda de bem futuro)

80% - Escritura","","41.11708188512236","-8.606825545756307","1","[]","","","",""
"apartamento-t3","APA_53911","APARTAMENTO T3","PORTO","concluido","","T3","2025","11","2025","3967","365000","Apartamento T3 novo
2 suites 
1 quarto
sala e cozinha em open space
Cozinha totalmente equipada
Ar condicionado
Aspiração Central

Tem aparcamento para 1 viatura no  exterior.","https://www.garveturproperties.com/detalhes-do-imovel/apartamento-t3-novo-em-ramalde-porto/24795389","41.172637510091","-8.652321918771056","1","[]","","","",""
"apartamento-t1---av-de-gaia-no-green-house","APA_53244","APARTAMENTO T1 - AV. DE GAIA no GREEN HOUSE","VILA NOVA DE GAIA","em_construcao","","T1","2026","7","2026","5564","285990","Empreendimento Green House - 20 frações
T1 no Quarto Piso - Fração Q - 4.4
Sala e cozinha em open space
varanda 8,34
Ar condicionado
Cozinha equipada
Bomba de Calor
Painéis Fotovoltaicos
1 lugar de estacionamento
Jardim comum com 565m2
Conclusão Julho 2026
Cedência de posição","https://www.garveturproperties.com/detalhes-do-imovel/apartamento-t1-em-localizacao-privilegiada-vila-nova-de-gaia/23068610","41.127191519453355","-8.606994221005051","1","[]","","","",""
"ang-ang_1765991595271","APA_52762","Apartamento Dup. T3 - Canide Norte","VILA NOVA DE GAIA","concluido","","","","","","8080","1090000","Áreas:
Área Bruta Privativa: 134,9 m2
Terraço: 141,6 m2
Garagens: 65,9 m2
Área bruta Total: 342,40 m2

O Apartamento faz uso das seguintes características:
- 1 Garagem fechada para 2 carros
- 3 suites (quartos com WC privado e completos);
- 1 WC de serviço - Hall de entrada;
- Sala com recuperador de calor;
- Cozinha completamente equipada;
- Varanda extensa com aproveitamento completo;
- Ar condicionado por conduta em todas as divisões com função de quente/frio/desumidificador;
- Roupeiros embutidos com iluminação automática;
- Sistema de domótica que permite controlar/gerir a climatização, a iluminação e estores;
- Vídeo porteiro (capta fotografia das visitas).","https://www.garveturproperties.com/detalhes-do-imovel/apartamento-t3-penthouse-com-piscina-privativa-no-canidelo-vila-nova-de-gaia/21648306","41.116037912106925","-8.661272616920101","0","[]","","","",""
"ang-ang_1765995329577","HAB_52909","Moradia T4 na Rua do Pinheiro Manso","PORTO","concluido","","","","","","10599","2300000","","https://www.garveturproperties.com/detalhes-do-imovel/moradia-isolada-de-prestigio-com-arquitetura-dos-anos-60-no-porto/21766465","41.16225753811006","-8.6527492880814","0","[]","","","",""
"ang-ang_1767085794640","APA_53659","Apartamento T2 no centro de Esmoriz - 1.º andar, conforto e proximidade da praia","OVAR","concluido","","","","","","3204","265000","","https://www.garveturproperties.com/detalhes-do-imovel/apartamento-t2-no-centro-de-esmoriz-1-andar-conforto-e-proximidade-da-praia/24071075","40.9593874","-8.6275947","0","[]","","","",""
"ang-ang_1767103832244","APA_53244","Apartamento T1 - Em construção - Mafamude - Junto ao metro","VILA NOVA DE GAIA","em_construcao","","","2026","7","2026","3385","285990","","https://www.garveturproperties.com/detalhes-do-imovel/apartamento-t1-em-localizacao-privilegiada-vila-nova-de-gaia/23068610","41.1282657","-8.6079785","0","[]","","","",""
"ang-ang_1767109912359","APA_53911","Apartamento T3 novo em Ramalde - Porto","PORTO","concluido","","","","","","","365000","","https://www.garveturproperties.com/detalhes-do-imovel/apartamento-t3-novo-em-ramalde-porto/24795389","41.1725166","-8.6518553","0","[]","","","",""
"ang-ang_1767111738468","APA_53763","Apartamento T3 exclusivo no Bonfim, próximo da Praça Velásquez - Porto","PORTO","concluido","","","","","","4134","950000","","https://www.garveturproperties.com/detalhes-do-imovel/apartamento-t3-exclusivo-no-bonfim-proximo-da-praca-velasquez-porto/24454690","41.1632738","-8.5982001","0","[]","","","",""
"ang-ang_1767112605938","CAS_53406","Moradia Isolada V4 a 200m da Praia | Vista Mar Deslumbrante em Arcozelo, Vila Nova de Gaia","VILA NOVA DE GAIA","em_construcao","","","2026","10","2026","3896","1500000","","https://www.garveturproperties.com/detalhes-do-imovel/moradia-isolada-v4-a-200m-da-praia-vista-mar-deslumbrante-em-arcozelo-vila-nova-de-gaia/23382151","41.0587008","-8.6531872","0","[]","","","",""
"ang-ang_1767113282678","APA_52868","Apartamento T4 de luxo perto da Praia, Matosinhos Sul, Porto","MATOSINHOS","concluido","","","","","","6920","1375000","","https://www.garveturproperties.com/detalhes-do-imovel/apartamento-t4-de-luxo-perto-da-praia-matosinhos-sul-porto/21734274","41.179335","-8.691698","0","[]","","","",""
"ang-ang_1767345167563","APA_53921","Apartamento T1 - Av. Premium Gaia","VILA NOVA DE GAIA","concluido","","","","","","","","O Segundo Contratante é Promitente Comprador, mediante Contrato-Promessa de Compra e Venda
celebrado em 17 de outubro de 2023, da futura fração autónoma a erigir no prédio com entrada pela Avenida
da República, n.º 2408, 3º andar, provisoriamente identificada pela letra “N”, com a afetação habitacional,
de tipo T1, com a área útil de 58,03m2, com uma varanda com 1,6 m2 de área, uma garagem de 15m2 de
área e uma área total de 74,63 m2, (ANEXOI) fração autónoma essa que será parte constituinte do
Empreendimento “Avenida Premium”, sito em Mafamude, Vila Nova de Gaia, descrito na 2ª Conservatória
do Registo Predial de Vila Nova de Gaia, sob o n.º 6116 e inscrito na matriz predial urbana sob o artigo n.º
10667 da União de Freguesias de Mafamude e Vilar do Paraíso. O empreendimento rege-se nos termos do
respetivo alvará de licenciamento de obras de construção n.º 81/23 emitido pela Câmara Municipal de Vila
Nova de Gaia.","https://www.garveturproperties.com/detalhes-do-imovel/t1-novo-na-avenida-da-republica-vila-nova-de-gaia/24804726","41.1169735","-8.6067954","0","[]","","","",""
"ang-ang_1767379745503","CAS_53908","Moradia T2 Reabilitada com Jardim Privativo em Coimbrões","VILA NOVA DE GAIA","concluido","","","","","","2344","450000","","https://www.garveturproperties.com/detalhes-do-imovel/moradia-t2-reabilitada-com-jardim-privativo-em-coimbroes-vila-nova-de-gaia/24862570","41.1213582","-8.6333143","0","[]","","","",""
"ang-ang_1768985216275","CAS_53760","Moradia T5 exclusiva com piscina infinita em Vale do Lobo - Almancil","Loulé","em_construcao","","","2027","8","2027","","6650000","","https://www.garveturproperties.com/detalhes-do-imovel/moradia-t5-exclusiva-com-piscina-infinita-em-vale-do-lobo-almancil/24969862","37.0529903","-8.061463","0","[]","","","",""
"ang-ang_1768986061369","HAB_53753","Luxuosa Moradia T7 nos Salgados - Albufeira","Albufeira","em_construcao","","","2027","8","2027","","14000000","","https://www.garveturproperties.com/detalhes-do-imovel/luxuosa-moradia-t7-nos-salgados-albufeira/24969528","37.0868472","-8.3184296","0","[]","","","",""
"ang-ang_1768986756666","CAS_52786","Moradia T5 de Luxo na Praia da Galé, Albufeira","Albufeira","concluido","","","","","","20738","7500000","","https://www.garveturproperties.com/detalhes-do-imovel/moradia-de-luxo-na-praia-da-gale-albufeira/21658456","37.0817838","-8.3148962","0","[]","","","",""
"ang-ang_1770194002867","APA_54011","Apartamento T1+1","Vila Nova de Gaia","concluido","","T1+1","","","","3231","327000","","","41.1069379","-8.6572596","0","[]","","","",""
"ang-ang_1770204655947","APA_53160","Salinas Ria e Mar Living","Tavira","em_construcao","VIALFASA - INVESTIMENTOS IMOBILIÁRIOS, LDA","T2","2028","7","2028","","","","","37.1378173","-7.6211965","1","[]","","","",""
"ang-ang_1770205745945","APA_53972_B","Alvares Cabral 91","Porto","em_construcao","Royal-Ventures","T1","2027","6","2027","5868","399000","Aguarda CE pré certificados das frações","","41.1548836","-8.6180294","0","[]","","","",""
"ang-ang_1770219044508","APA_53969","Apartamento T1 - Rua do Almada","Porto","em_construcao","Royal-Ventures","T1","2027","9","2027","6464","350000","","https://www.garveturproperties.com/detalhes-do-imovel/apartamento-t1-com-mezanino-e-varanda-perto-da-praca-da-republica-porto/25049521","41.1530127","-8.6121162","0","[]","","","",""
"ang-ang_1770220250513","APA_53972_D","Alvares Cabral 91","Porto","em_construcao","Royar-Ventures","T1","2027","6","2027","7108","499000","Aguarda CE pré certificados das frações","","41.1548836","-8.6180294","0","[]","","","",""
"ang-ang_1770290872187","APA_53988_F","Cedofeita 271","Porto","em_construcao","Royal-Ventures","T0","2027","6","2027","6839","307775","Não está a exportar por falta de CE","","41.1516866","-8.617838","0","[]","","","",""
"ang-ang_1770291138767","APA_53988_G","Cedofeita 271","Porto","em_construcao","Royal-Ventures","T0 Duplex","2027","6","2027","5214","365000","Não está a exportar por falta de CE","","41.1516866","-8.617838","0","[]","","","",""
"ang-ang_1770291356910","APA_53988_H","Cedofeita 271","Porto","em_construcao","Royal-Ventures","T0 Duplex","2027","6","2027","5692","365000","Não está a exportar por falta de CE","","41.1516866","-8.617838","0","[]","","","",""
"ang-ang_1770300178488","APA_53981","Cais da Pescaria","Vila Nova de Gaia","licenciado","Royal-Ventures","T1","2027","9","2027","","295000","ver tabela disponível com 7 apartamentos desde 295.000€ a 540.000€

","","41.1414613","-8.6239177","1","[]","","","",""
"ang-ang_1770302858638","APA_54016","Lake Towers - Monsanto - Estádio Salgueiros","Porto","em_construcao","Mesmo Valor SA ","T1, T2, T3","2029","12","2029","","","Distribuído por 4 torres, o LAKE TOWERS representa um investimento de cerca de 90 milhões de euros. 
Três das torres destinam-se a habitação residencial com 361 frações e uma torre será destinada a residência de estudantes com 240 unidades. Cada edifício contará com 12 a 14 pisos, integrando ainda espaços comerciais e de serviços, como uma área de co-working, promovendo uma vivência urbana completa e equilibrada.
-------------------------------------------------------------

Só está no Ego. CMI na altura do CPCV.
Condições de lançamento:
CPCV 15%
Até 30 Abril de 2026 - 5%
Conclusão das infraestrutura 10%
Conclusão do Piso 5 - 10%
Conclusão do Betão 10%
Escritura - 50%
","","41.16917119082256","-8.59834918695126","1","[]","","","",""
"riviera-river","APA_52719","Riviera River","Gondomar","em_construcao","Espelho Planetário Lda","T3","2026","7","2026","","","","https://s.craft.me/iNO9646UXPVakH","41.1265403","-8.5430825","1","[{""title"":""Fração I - REF. APA_52719_I - 345.000€"",""type"":""link"",""url"":""https://www.garveturproperties.com/detalhes-do-imovel/apartamento-t3-empreendimento-a-escassos-minutos-do-rio-douro-gondomar/25095303""},{""title"":""Fração N - REF. APA_52719_N - 350.000€"",""type"":""link"",""url"":""https://www.garveturproperties.com/detalhes-do-imovel/apartamento-t3-empreendimento-a-escassos-minutos-do-rio-douro-gondomar/25095377""},{""title"":""Fração L - REF. APA_52719_L - 350.000€"",""type"":""link"",""url"":""https://www.garveturproperties.com/detalhes-do-imovel/apartamento-t3-empreendimento-a-escassos-minutos-do-rio-douro-gondomar/25095330""},{""title"":""Fração G - REF. APA_52719_G - 345.000€"",""type"":""link"",""url"":""https://www.garveturproperties.com/detalhes-do-imovel/apartamento-t3-empreendimento-a-escassos-minutos-do-rio-douro-gondomar/25095292""},{""title"":""Fração D - REF. APA_52719_D - 340.000€"",""type"":""link"",""url"":""https://www.garveturproperties.com/detalhes-do-imovel/apartamento-t3-empreendimento-a-escassos-minutos-do-rio-douro-gondomar/25095277""},{""title"":""Fração B - REF. APA_52719_B - 340.000€"",""type"":""link"",""url"":""https://www.garveturproperties.com/detalhes-do-imovel/apartamento-t3-empreendimento-a-escassos-minutos-do-rio-douro-gondomar/25095249""}]","","","",""
