id,refInterna,nome,concelho,estado,promotor,tipologias,conclusaoAno,conclusaoMes,preco_m2,precoPedido,link,_lat,_lng,isEmpreendimento
apa53217---meneres-777,,APA_53217 - MENÉRES 777,MATOSINHOS,em_construcao,MCAETANO,T1 a T4,2028,9,,,https://www.garveturproperties.com/detalhes-do-empreendimento/apartamentos-t2-a-t4-em-empreendimento-de-arquitetura-sofisticada-em-matosinhos-porto/23231296,41.179078,-8.68319,true
antas-prime,,ANTAS PRIME,PORTO,em_construcao,MÁRIO ALMEIDA,T1 a T4,2026,12,,,https://s.craft.me/XqY1fUXgJa1I53,41.16054183295912,-8.585580295037614,true
apa53418---vc-forte,,APA_53418 - VC FORTE,VILA DO CONDE,em_construcao,FERCOPOR,T0 / T1 / T2 / T3 / T4,2028,6,,,https://27006740.hs-sites-eu1.com/pt/fercopor-projetos-comercialização?utm_medium=email&_hsenc=p2ANqtz-9iwfACfUwXKwn2m6lP1DmD3CvsQv9ooX3B4mNDzj3xZ5JoX0FcIOp3n9v4GVcAdYrdsLavk_Ntc5BXqVCbdCUKEN_FJ7xSWxQ74ScOXBzQoLZmj2A&_hsmi=121601192&utm_content=121601192&utm_source=hs_email,41.34337951168891,-8.750900385790908,true
apa53412---foliage,,APA_53412 - FOLIAGE,PORTO,em_construcao,FERCOPOR,T2 / T3 / T4,2028,12,,,https://www.garveturproperties.com/detalhes-do-empreendimento/apartamentos-t1-a-t4-em-empreendimento-na-foz-porto/23409581,41.16061301566964,-8.673432579455456,true
apa53674---raiz,,APA_53674 - RAÍZ,PORTO,em_construcao,FERCOPOR,T1 / T2 / T3 / T4,2028,12,,,https://www.garveturproperties.com/detalhes-do-empreendimento/apartamentos-t1-a-t4-em-empreendimento-na-avenida-da-boavista-porto/24010217,41.16458988957599,-8.670498322071996,true
apa53551---the-avenue,,APA_53551 - THE AVENUE,PORTO,em_construcao,NORTH PROPERTIES,T2 | T3 | T4,2026,4,,,https://www.garveturproperties.com/imoveis?ref=APA_53551,41.16521362846466,-8.59755387983526,true
apa53570---the-view-i,,APA_53570 - THE VIEW I,GONDOMAR,em_construcao,NORTH PROPERTIES,T3 / T4,2027,8,,,https://www.garveturproperties.com/imoveis?ref=APA_53570,41.13823767440179,-8.570998603252303,true
apa52847---avenida-premium,,APA_52847 - AVENIDA PREMIUM,VILA NOVA DE GAIA,em_construcao,MS-Group,T2 | T3,2025,12,,,https://www.garveturproperties.com/detalhes-do-empreendimento/apartamentos-t1-a-t3-1-em-empreendimento-premium-em-excelente-localizacao-urbana-vila-nova-de-gaia/21695223,41.11687076428396,-8.60676265928301,true
apa53578---bosk,,APA_53578 - BOSK,GONDOMAR,licenciado,NORTH PROPERTIES,T2 / T3,2028,12,,,https://s.craft.me/3avl2BZlpAiF6t,41.13344697492787,-8.537099324342659,true
apa53396---gramoinhos,,APA_53396 - GRAMOINHOS,VILA NOVA DE GAIA,em_construcao,NOSSO CAPITAL,T1 / T2,2026,12,,,https://nossocapital.pt,41.108807119835845,-8.622940960507071,true
apa53387---madalena-vista-mar,,APA_53387 - MADALENA VISTA MAR,VILA NOVA DE GAIA,licenciado,NOSSO CAPITAL,T1 / T2 / T3,2029,12,,,https://nossocapital.pt,41.10759126658638,-8.654901852935241,true
herdade-de-vilar,,HERDADE DE VILAR,VILA NOVA DE GAIA,licenciado,CONSFLY,T0 / T1 / T2,2028,12,,,https://herdadevilar.com,41.08653343602931,-8.623769513683161,true
cas53524---foz-nature,,CAS_53524 - FOZ NATURE,PORTO,em_construcao,INSPIRED ORBIT,T3 / T4 / T5,2027,5,,,https://foznature.pt,41.15107803555791,-8.668082879521076,true
apa52854---the-breeze,,APA_52854 - THE BREEZE,VILA NOVA DE GAIA,em_construcao,CASTRO GROUP,T2 | T3,2026,3,,,https://www.thebreeze.pt,41.1238635424034,-8.665992065583229,true
apa52820---azuaga-68--ernesto-65,,APA_52820 - AZUAGA 68 / ERNESTO 65,VILA NOVA DE GAIA,em_construcao,RED DOT,T1 / T2,2026,7,,,https://www.garveturproperties.com/detalhes-do-empreendimento/apartamentos-t1-e-t2-junto-ao-rio-em-vila-nova-de-gaia/21686025,41.13685625316915,-8.606250889181755,true
cas52875---aurios,,CAS_52875 - AURIOS,PORTO,em_construcao,EMERGE,T3 / T4,2026,3,,,https://aurios.pt/pt/,41.14310044431507,-8.587978792886304,true
apa52784---douro-nobilis,,APA_52784 - DOURO NOBILIS,VILA NOVA DE GAIA,em_construcao,REVITO,T0 / T1 / T2 / T3 / T4,2026,3,,,https://www.garveturproperties.com/detalhes-do-imovel/apartamento-t4-duplex-em-empreendimento-com-vista-rio-em-vila-nova-de-gaia/21658603,41.13232098185415,-8.625137874362425,true
apa52936---douro-nobilis-ii,,APA_52936 - DOURO NOBILIS II,VILA NOVA DE GAIA,em_construcao,REVITO,T0 / T1 / T2 / T3 / T4,2026,12,,,https://www.garveturproperties.com/detalhes-do-imovel/apartamento-t4-duplex-com-vista-rio-em-vila-nova-de-gaia/22131069,41.13327451853728,-8.625116416690297,true
apa52701---essence,,APA_52701 - ESSENCE,PORTO,em_construcao,ALMA DEVLOPMENT,T1 / T2 / T3 / T4,2026,3,,,https://almadevelopment.pt/essence-porto/?utm_source=google&utm_medium=cpc&utm_campaign=ESSENCE%20-%20Max%20Desempenho%20PT&utm_id=20981436680&gad_source=1,41.15882699232601,-8.584600847512442,true
apa53307---nobel-41-85,,APA_53307 - NOBEL 41-85,PORTO,em_construcao,RISE GROUP,T2 | T3,2026,12,,,https://www.risegroup.pt/pt/empreendimentos/nobel-41-85_2/,41.16005727191822,-8.584020180438936,true
apa53572---living-park-vii,,APA_53572 - LIVING PARK VII,PAREDES,em_construcao,MCAETANO,T1 / T2 / T3 / T4,2028,4,,,https://grupomcaetano.pt,41.20736017061847,-8.324848699290392,true
apa52862---boss-garden,,APA_52862 - BOSS GARDEN,PORTO,em_construcao,ARANSA,T2 / T3,2027,6,,,https://aransahomes.pt,41.16772579295225,-8.618726745895463,true
hab53286---privilege-gaia,,HAB_53286 - PRIVILEGE GAIA,VILA NOVA DE GAIA,em_construcao,ARANSA,MORADIAS T3,2028,12,,,https://aransahomes.pt,41.064722587590055,-8.63734999653012,true
miramar-gardens,,MIRAMAR GARDENS,VILA NOVA DE GAIA,licenciado,ARANSA,T2 / T3 / T4,2028,12,,,https://aransahomes.pt,41.06470618334978,-8.636321968433883,true
apa53018---vintage-gardens,,APA_53018 - VINTAGE GARDENS,PORTO,em_construcao,SPINTOS,T1 / T1+1 / T2,2026,12,,,https://www.spintos.pt/inmobiliaria,41.17820021455164,-8.584611707573764,true
apa52719---riviera-river,,APA_52719 - RIVIERA RIVER,GONDOMAR,em_construcao,ESPELHO PLANETÁRIO LDA,T2 / T3,2026,3,,,https://s.craft.me/iNO9646UXPVakH,41.12686838810591,-8.54211516183474,true
apa53092---edificio-radical-i,,APA_53092 - EDIFÍCIO RADICAL I,VILA NOVA DE GAIA,em_construcao,,T2 / T3,2025,12,,,https://s.craft.me/PRE5LHE0vGG99k,41.1264522731553,-8.624792123365081,true
santa-aqua-living,,SANTA AQUA LIVING,MAIA,em_construcao,VIALFASA,T1 / T2 / T3,2027,12,,,https://s.craft.me/HZPgxxdg16ucHq,41.19786061423495,-8.580508013560049,true
gaia-hills,,GAIA HILLS,VILA NOVA DE GAIA,em_construcao,PROMIRIS E THOMAS & PIRON,T0 A T5,2027,12,,,https://www.gaiahills.pt/pt/,41.143201935062514,-8.632433431491977,true
gaia-lofts,,GAIA LOFTS,VILA NOVA DE GAIA,em_construcao,PARADISE PYRAMID,T1,2025,12,,,https://s.craft.me/hpGkqO55cEgrUs,41.1393426429201,-8.621594201230561,true
alum,,ALUM,MAIA,em_construcao,PLANO 3,T1 /  T2,2026,12,,,https://www.planoa3.pt/#tipologia,41.22759632184907,-8.616974227896442,true
madalena-vila-mar,,MADALENA VILA MAR,VILA NOVA DE GAIA,em_construcao,EDIMARIP / GRUPO 20,MORADIAS T4,2027,12,,,https://www.m2o.pt/pt/empreendimento/madalena-vila-mar/,41.10225645354176,-8.659719874444308,true
lurion,,LURION,VILA NOVA DE GAIA,em_construcao,REVITO,Apartamentos T0/T1/T2/T3/T4,2028,12,,,https://revito.pt,41.13389954884105,-8.598404376332649,true
splendouro-village,,SPLENDOURO VILLAGE,VILA NOVA DE GAIA,em_construcao,SHARP DEVELOPERS,MORADIAS  T4 / T5,2028,12,,,http://village.splendouro.com,41.13560172238032,-8.650198933924633,true
the-grand-splendouro,,THE GRAND  SPLENDOURO,VILA NOVA DE GAIA,em_construcao,SHARP DEVELOPERS,T2 / T3 / T4 / T5,2027,12,,,https://grand.splendouro.com,41.13309091751646,-8.667665860923389,true
splendouro-marina-houses,,SPLENDOURO MARINA HOUSES,VILA NOVA DE GAIA,concluido,SHARP DEVELOPERS,MORADIAS T4 / T5,2024,12,,,https://marina.splendouro.com,41.1392371320332,-8.648993889758607,true
living-sea,,LIVING SEA,VILA NOVA DE GAIA,em_construcao,MCAETANO,T2 / T3 /  T4 / T5,2026,12,,,https://grupomcaetano.pt/empreendimentos/living-sea/,41.135682386513,-8.667177096092528,true
ocean-living,,OCEAN LIVING,VILA NOVA DE GAIA,concluido,SHALU INVESTMENTS,T2 / T3 / T4,2024,12,,,https://theoceanliving.pt/pt-pt/,41.11538920308218,-8.662048712493501,true
living-prados,,LIVING PRADOS,MATOSINHOS,concluido,MCAETANO,T2 / T3 / T4,2023,12,,,https://grupomcaetano.pt/empreendimentos/living-prados/,41.17421816440439,-8.685720718592517,true
nautilus-iv,,NAUTILUS IV,MATOSINHOS,em_construcao,MCAETANO,T2 / T3 / T4,2026,12,,,https://grupomcaetano.pt/empreendimentos/nautilus-iv/,41.17395848527968,-8.683146172174458,true
panorama-douro-residences,,PANORAMA DOURO RESIDENCES,PORTO,concluido,MCAETANO,T2 / T3 / T4,2024,12,,,https://grupomcaetano.pt/empreendimentos/panorama-douro-residences/,41.149074155060326,-8.641353189072976,true
marina-douro,,MARINA DOURO,VILA NOVA DE GAIA,em_construcao,MCAETANO,T1 / T2 / T3 / T4 / T5,2026,12,,,https://marinadouro.com/disponibilidades/,41.14013042837216,-8.651654278112877,true
douro-atlantico-iii,,DOURO ATLÂNTICO III,VILA NOVA DE GAIA,concluido,MCAETANO,T2 / T3 / T4,2025,12,,,https://grupomcaetano.pt/empreendimentos/douro-atlantico-iii/,41.13499384759188,-8.667757170720947,true
sal-douro-ocean,,SAL DOURO OCEAN,Vila nova de Gaia,concluido,TAGA URBANIC,T1 / T2 / T3,2025,12,,,https://saldouro.com/collection/ocean/,41.134369107234086,-8.668771057960605,true
sal-douro-park,,SAL DOURO PARK,VILA NOVA DE GAIA,em_construcao,TAGA URBANIC,T1 / T2 / T3,2026,12,,,https://saldouro.com/collection/park/,41.13324589063327,-8.667773276265095,true
sal-douro-reserve,,SAL DOURO RESERVE,VILA NOVA DE GAIA,em_construcao,TAGA URBANIC,T1 / T2 / T3,2027,12,,,https://saldouro.com/collection/reserve/,41.134748895546885,-8.667912751125757,true
sal-douro-coast,,SAL DOURO COAST,VILA NOVA DE GAIA,em_construcao,TAGA URBANIC,T1 / T2 / T3,2027,12,,,https://saldouro.com/collection/coast/,41.13324589063327,-8.66776254742966,true
sal-douro-horizon,,SAL DOURO HORIZON,VILA NOVA DE GAIA,em_construcao,TAGA URBANIC,T1 / T2 / T3,2027,12,,,https://saldouro.com/collection/horizon/,41.13324589063327,-8.66776254742966,true
egas-moniz-209,,EGAS MONIZ 209,PORTO,em_construcao,P32 PROPERTIES,T1 / T2 / T3,2027,12,,,https://egasmoniz209.pt,41.16327642515784,-8.619225835041389,true
casas-alma,,CASAS ALMA,VILA NOVA DE GAIA,em_construcao,NORDEN,MORADIAS T3,2026,12,2850,,https://www.norden.pt/alma/#,41.07866875799975,-8.619647005820633,true
a-quadra,,A QUADRA,VILA NOVA DE GAIA,em_construcao,PROMIRIS,,2027,12,,,https://quadra-gaia.pt,41.13076744940458,-8.605106825709381,true
eleven,,ELEVEN,VILA NOVA DE GAIA,concluido,TAGA URBANIC,T1 / T2 / T3 / T4,2025,12,,,https://elevengaia.com,41.12894963725594,-8.60895888399385,true
cais-da-pescaria,,CAIS DA PESCARIA,VILA NOVA DE GAIA,em_construcao,ROYAL-VENTURES,T1,2027,12,,,https://royal-ventures.com/projects/pescaria-riverfront-vila-nova-de-gaia/,41.14178070487412,-8.624313874416748,true
rasa-503,,RASA 503,VILA NOVA DE GAIA,em_construcao,PLANO INCLINADO,T1 / T2 /  T3,2027,12,,,https://plano-inclinado.pt/projetos/rasa-503-vng,41.11820645430063,-8.610682674417696,true
serralves-239,,SERRALVES 239,PORTO,em_construcao,PLANO INCLINADO,T1/ T2 / T3 / T4,2027,12,,,https://plano-inclinado.pt/projetos/serralves-239,41.15524885709748,-8.65070278975788,true
land-roots-river,,LAND ROOTS RIVER,VILA NOVA DE GAIA,em_construcao,BE OPORTO GROUP,T2,2025,12,,,https://www.land-roots.com,41.13666037828811,-8.621066547429539,true
side-avenue,,SIDE AVENUE,VILA NOVA DE GAIA,em_construcao,CLEVEROPTION,T0 / T1 / T2,2027,12,,,https://cleveroption.pt/avenue/,41.12109124577433,-8.60884020325301,true
royal-green,,ROYAL GREEN,VILA NOVA DE GAIA,em_construcao,FOUR PARTNERS,T1 / T2,2026,12,,,https://royalgreentower.pt,41.11826078886197,-8.617716332158436,true
prestige-gaia,,PRESTIGE GAIA,VILA NOVA DE GAIA,em_construcao,FOUR PARTNERS,T1 / T2,2026,12,,,https://prestigegaia.pt,41.12621611065877,-8.63051265374531,true
fojo-residences,,FOJO RESIDENCES,VILA NOVA DE GAIA,em_construcao,GRUPO RIO,T1 / T2,2027,12,,,https://gruporio.pt/projeto/fojo/,41.1313715094334,-8.639502539030412,true
jardim-das-flores,,JARDIM DAS FLORES,VILA NOVA DE GAIA,licenciado,GRUPO RIO,T0 / T1 / T2,2030,12,,,https://gruporio.pt/projeto/jardim-das-flores/,41.10516809637983,-8.622132239790282,true
sao-dinis,,SÃO DINIS,PORTO,licenciado,GRUPO RIO,T0 / T1 / T2,2028,12,,,https://gruporio.pt/projeto/sao-dinis/,41.16785472488655,-8.619386774415608,true
sea-leca,,SEA LEÇA,MATOSINHOS,licenciado,GRUPO RIO,,2030,12,,,https://gruporio.pt/projeto/sea-leca/,41.18199770935888,-8.678189777553738,true
majestic-beach,,MAJESTIC BEACH,VILA NOVA DE GAIA,licenciado,,T1 7 T2 / T3,2027,12,,,https://www.idealista.pt/empreendimento/34259172/,41.12948907623479,-8.6665233835363,true
jardins-do-olival,,JARDINS DO OLIVAL,VILA NOVA DE GAIA,em_construcao,,,2026,12,,,,41.04568944537345,-8.504388544282502,true
edificio-serra-do-pilar-condominium,,EDIFICIO SERRA DO PILAR CONDOMÍNIUM,VILA NOVA DE GAIA,em_construcao,KOKYU PROPERTIES,T2 | T3,2026,12,,,https://kokyuproperties.com/pt/projects/serra-do-pilar/index.html,41.135148548757925,-8.606343233021903,true
edificio-genuino-sta-marinha,,EDIFICIO GENUÍNO STA MARINHA,VILA NOVA DE GAIA,concluido,GENUÍNO INVESTMENTS,T1 | T2 | T3,2025,12,,,https://genuinoinvestments.com/projeto/genuino-santa-marinha/,41.11885677314856,-8.632138615074714,true
pinheiro-manso-residences,,PINHEIRO MANSO RESIDENCES,PORTO,em_construcao,RIVAGE PROPERTIES,T1 | T2 | T3 | T4,2027,12,,,https://www.luximos.pt/pt/novos-empreendimentos/novo-lancamento-pinheiro-manso-residences-apartamentos-novos-t1-a-t4-para-venda-no-porto?utm_source=google&utm_medium=cpc&utm_campaign=Porto&utm_content=PT&gclid=EAIaIQobChMIjt_PjYC2kQMVP2dBAh0VcQVnEAAYASAAEgJo4vD_BwE&gad_source=1&gad_campaignid=1566070537&gbraid=0AAAAADF_QyuP8y8oyDCSfqgpdFv7xqgk9,41.16585498321708,-8.65142693200518,true
fernao-de-magalhaes-127,,FERNÃO DE MAGALHÃES 127,PORTO,em_construcao,AVENUE,TO | T1 | T2 | T3 | T3+1,2027,12,,,https://www.fernaomagalhaes127.pt,41.15165864144376,-8.597703289678405,true
life-in-porto,,LIFE IN PORTO,PORTO,em_construcao,,T0 | T1 | T2,2026,12,,,https://www.homehub.pt/pt/empreendimentos/life-in-porto_7/,41.15435513479774,-8.605841232005726,true
antas-atrium,,ANTAS ATRIUM,PORTO,em_construcao,QUEST CAPITAL,T0 | T1 | T2 | T3 | T4,2027,12,,,https://antasatrium.com,41.163803187891176,-8.5870737748729,true
torrinha-gardens,,TORRINHA GARDENS,PORTO,em_construcao,KOKYU PROPERTIES,T1 | T2,2027,12,,,https://kokyuproperties.com/pt/projects/torrinha-gardens/index.html,41.15272879557559,-8.62132977433331,true
boucas-ribas,,BOUÇAS RIBAS,PORTO,licenciado,,T1 | T2 | T3,2028,12,,,https://boucaribas.com,41.16102686008893,-8.574724811453944,true
clover-hill,,CLOVER HILL,PORTO,em_construcao,,T1 | T2,2027,12,,,https://www.anteprojectos.com.pt/projectos/39021/cloverhill,41.15608235257066,-8.60240373200569,true
bonart-homes,,BONART HOMES,PORTO,em_construcao,NOREON,T0 | T1 | T2 | T3 | T3 DUP,2027,12,,,http://bonart.pt,41.14975548981146,-8.593481086508765,true
edificio-nasoni,,EDIFICIO NASONI,PORTO,em_construcao,,T1 | T2,2027,12,,,https://www.replica.pt/empreendimentos/detalhe/edificio-nasoni_534/pt,41.16997484377902,-8.579081889677575,true
ferreira-castro-flats,,FERREIRA CASTRO FLATS,PORTO,em_construcao,PORTOBAIXA,T0 | T1 | T2 | T3,2026,12,,,https://portobaixa.pt,41.15092817890355,-8.593203933652424,true
guerra-junqueiro---gj-432,,GUERRA JUNQUEIRO - GJ 432,PORTO,licenciado,PORTOBAIXA,T2 | T3,2028,12,,,https://portobaixa.pt,41.15699358401292,-8.636762289678124,true
cartes-l3,,CARTES L3,PORTO,licenciado,CARMAM INVESTIMENTOS IMOBILIÁRIOS,T0 | T1,2028,12,,,https://carfam.pt/projectos-em-desenvolvimento/cartes-l3/,41.16140986278274,-8.57400901851421,true
eden,,EDEN,PORTO,em_construcao,NOMAD,T1 | T2 | T3 | T4 | T5,2027,12,,,https://www.nomadeden.com,41.16351582742485,-8.677519848431455,true
ouro-valley,,OURO VALLEY,GONDOMAR,em_construcao,GFH (Global Financial Housing),T2 | T3,2027,12,,,https://gfh.pt/pt/portfolio/ouro-valley/,41.166472610941376,-8.549377901404133,true
limites-de-espinho,,LIMITES DE ESPINHO,ESPINHO,em_construcao,PURO IMPACTO LDA,T2,2027,12,,,https://remax.pt/pt/empreendimento/empreendimento-rua-dos-limites/8465,40.98357002058062,-8.622787544637047,true
espinho-beach-residences,,ESPINHO BEACH RESIDENCES,ESPINHO,em_construcao,ARLIZ,T1 | T2 | T3 | T4,2026,12,,,https://espinhobeachresidences.pt,41.00279747137172,-8.64483656250803,true
light-sea,,LIGHT SEA,ESPINHO,em_construcao,GRUPO MAFAVIS,T1 | T2 | T3,2026,12,,,https://mafavis.pt/portfolio/light-sea/,41.00876586582515,-8.635710489685447,true
the-line,,THE LINE,PORTO,em_construcao,GRUPO MAFAVIS,T2,2026,12,,,https://mafavis.pt/portfolio/the-line/,41.16490244275441,-8.635848271097249,true
blackwhite,,BLACK&WHITE,ESPINHO,em_construcao,SALGUEIRO PROPERTIES,T1 | T2 | T3 | T4,2026,12,,,https://blackwhite.pt,41.00639962337669,-8.627753231682597,true
twins-22,,TWINS 22,ESPINHO,concluido,,T1 | T2 | T3,2025,12,,,https://twins22.pt,41.00217838827017,-8.638982350142372,true
green-golf-villas,,GREEN GOLF VILLAS,ESPINHO,licenciado,,T3+1 | T4,2028,12,,,,41.14119731337355,-8.568019960489835,true
orizon-living,,ORIZON LIVING,GONDOMAR,licenciado,SHALU INVESTMENTS,T1 A T4,2028,12,,,https://www.shaluinvest.pt/orizon-living,41.14119731337355,-8.568019960489835,true
lurion,,Lurion,,em_construcao,,,2028,12,,,https://revito.pt/project/solar/,41.13324972791349,-8.599380974599644,true
edificio-quinta-amarela,,Edificio Quinta Amarela,,concluido,,,2025,12,,,https://imotolouse.pt/portfolio/quinta-amarela/,41.16380461946861,-8.626332431884752,true
the-garden---matosinhos---colegio-efanor,,The Garden - Matosinhos - Colégio Efanor,,em_construcao,,,2027,12,,,https://www.jardinsefanor.pt/pages/edificio-lake/,41.18622693333881,-8.650575274212445,true
santas-residence,,Santa´s Residence,,em_construcao,,,2027,12,,,https://jcgroup.pt/jcimobiliaria/imoveis/aguas-santas/,41.21174431980964,-8.57398568955385,true
unique---padrao-da-legua---av-xana-gusmao,,Unique - Padrão da Légua - Av. Xana Gusmão,,em_construcao,,,2027,12,,,https://www.idealista.pt/empreendimento/33989967/,41.19120673838551,-8.633362131883537,true
cais-de-leca,,Cais de Leça,,em_construcao,,,2027,12,,,https://www.idealista.pt/empreendimento/33985409/,41.19490723468792,-8.69333716071897,true
val-douro-palace,,Val D'Ouro Palace,,em_construcao,,,2027,12,,,https://valdouropalace.com/pt/home-2/,41.14580811803748,-8.621418674214297,true
the-view-ii,,THE VIEW II,GONDOMAR,em_construcao,RIVAGE,T3,2028,12,,,https://www.rivage.pt,41.138206195174526,-8.569972660721525,true
aurora-flower-tower,,Aurora Flower Tower,,em_construcao,,,2027,12,,,https://www.vizta.pt/pt/projetos/flower-tower-aurora/3616/?utm_source=google&utm_medium=cpc&utm_campaign=aurora_brand&gad_source=1&gad_campaignid=23009199109&gbraid=0AAAAACKIjOkCn8AGRlntX3SFfkkFkt9ue&gclid=Cj0KCQjwl5jHBhDHARIsAB0Yqjxj4oQD8COAenud-Az3Sfey04yxL9L35lyqLKWBOcPVg6fhXF0vtIEaAi1PEALw_wcB,41.19865562544128,-8.692305958869394,true
oceans-residence,,Ocean´s Residence,,em_construcao,,,,,,,https://www.idealista.pt/empreendimento/33217139/,41.27793998144888,-8.72407064537272,true
serpa-687,,Serpa 687,,em_construcao,,,2026,12,,,https://www.martinaarch.com/project/sp687/,41.18103519400735,-8.69118058770581,true
pleno,,Pleno,,em_construcao,,,2027,12,,,https://www.vizta.pt/pt/projetos/pleno/4051/,41.20236599443278,-8.567972789554286,true
miramar-iv,,Miramar IV,,em_construcao,,,2027,12,,,https://www.sublimar.pt/edificios-residenciais/,41.11888377446066,-8.631533077860519,true
cedofeita-271,,Cedofeita 271,,em_construcao,,,2027,12,,,https://www.idealista.pt/empreendimento/34400011/,41.15193445457889,-8.61776491654277,true
alvares-cabral-91,,Alvares Cabral 91,,em_construcao,,,2026,12,,,https://royal-ventures.com/projects/republica-square/,41.15536864442187,-8.617731489556366,true
ivens-734,,Ivens 734,,,,,,,,,https://royal-ventures.com/projects/ivens-matosinhos-sul/,41.18112664356008,-8.690685874212722,true
catarina-677,,Catarina 677,,,,,,,,,https://royal-ventures.com/projects/santa-catarina/,41.15240873160375,-8.60499246072091,true
sa-da-bandeira-3139,,Sá da Bandeira 31/39,,,,,,,,,https://royal-ventures.com/projects/sa-da-bandeira/,41.14665408674756,-8.610243076063638,true
almada-631,,Almada 631,,,,,,,,,https://royal-ventures.com/projects/almada/,41.15319693753287,-8.612223618392102,true
passos-manuel-182,,Passos Manuel 182,,concluido,,,2025,12,,,https://www.idealista.pt/empreendimento/31693901/,41.14686526957011,-8.605599560721135,true
aliados-9,,Aliados 9,,concluido,,,2025,12,,,https://www.idealista.pt/empreendimento/34130962/,41.1472694832845,-8.611646283837771,true
palacio-fervenca,,Palácio Fervença,,concluido,,,2025,12,,,https://www.garveturproperties.com/detalhes-do-empreendimento/apartamentos-de-luxo-em-vila-nova-de-gaia/21689481,41.13733062671569,-8.610692119804538,true
boavista-ii,,Boavista II,,concluido,,,2025,12,,,https://www.idealista.pt/empreendimento/32458380/,41.15709128871051,-8.624737520462414,true
pac-man-bulding,,Pac Man Bulding,,em_construcao,,,2026,12,,,https://www.predialmar.pt/empreendimento/pac-man-building/21119410,41.17985479694232,-8.679206874415108,true
o2-maia,,O2 Maia,,em_construcao,,,2025,12,,,https://abbimoveis.com/?jsf=bricks-query-loop&tax=zona:93,41.23864454080866,-8.620794396287629,true
serralves,,Serralves,,em_construcao,,,2027,12,,,https://abbimoveis.com/imobiliario-habitacao/serralves/,41.156927584760425,-8.651765329066805,true
prisma-douro,,Prisma Douro,,em_construcao,,,2026,12,,,https://www.pfarchviz.com/pt/prisma-douro,41.148624643265855,-8.636486060922728,true
torrinha-337,,Torrinha 337,,concluido,,,2025,12,,,https://www.idealista.pt/empreendimento/34509751/,41.152872951803225,-8.623475047464963,true
villa-arpel-sao-roque,,Villa Arpel São Roque,,em_construcao,,,2026,12,,,https://www.idealista.pt/empreendimento/33847018/,41.16505922387608,-8.572239175316545,true
freixo-residence,,Freixo Residence,,em_construcao,,,2026,12,,,https://www.idealista.pt/empreendimento/34509753/,41.1417582236252,-8.572207543200904,true
oceanic-reserve,,Oceanic Reserve,,em_construcao,,,2027,12,,,https://www.oceanicreserve.com/en/,41.25026896346896,-8.717503774440955,true
villas-mearim,,Villas Mearim,,em_construcao,,,2026,12,,,https://prestigerealtyadvisors.pt/imovel/moradias/matosinhos/venda/villas-mearim/,41.18355998977074,-8.685776774444362,true
bow-136,,Bow 136,,em_construcao,,,2026,12,,,https://prestigerealtyadvisors.pt/imovel/empreendimentos/porto/venda/bow-136/,41.1480766291095,-8.66343984560978,true
brito-capelo-1023,,Brito Capelo 1023,,licenciado,,,2028,12,,,https://prestigerealtyadvisors.pt/imovel/empreendimentos/matosinhos/venda/brito-capelo-1023/,41.17906139863145,-8.689093289790566,true
mira-douro,,Mira Douro,,concluido,,,2023,12,,,https://www.promiris.com/pt/projectos/,41.16054615042859,-8.588436603834941,true
oporto-luxury-residences,,Oporto Luxury Residences,,em_construcao,,,2026,12,,,https://www.grupoarliz.pt/oporto-luxury-residences/,41.18023002099672,-8.582827732261805,true
greens-vila-moura,,Greens Vila Moura,,em_construcao,,,,,,,https://www.garveturproperties.com/detalhes-do-empreendimento/empreendimento-greens-vilamoura-apartamentos-t2-a-t5/19762419,37.10728614237546,-8.142323603740383,true
oriental-park,,Oriental Park,,em_construcao,,,2027,12,,,https://prestigerealtyadvisors.pt/imovel/apartamentos/porto/venda/oriental-park/,41.151594459593056,-8.566722564135889,true
matsu,,Matsu,,em_construcao,,,2027,12,,,https://matsuporto.pt/wp-content/uploads/2025/10/MATSU-PORTO_Brochura-Digital_PT.pdf,41.156751813338325,-8.625018954219062,true
vintage-18,,Vintage 18,,em_construcao,,,2026,12,,,https://www.vintage18.pt,41.13222328978224,-8.625819154989989,true
kori-douro,,Kori Douro,,em_construcao,,,2026,12,,,https://douro.kori.com.pt,41.13207754360183,-8.626357537767738,true
quinta-cravel---kori,,Quinta Cravel - Kori,,em_construcao,,,2027,12,,,https://cravel.kori.com.pt/?gad_source=1&gad_campaignid=22223823485&gbraid=0AAAAAocFJYoonkKlwyALqE-vzoveWIpd0&gclid=Cj0KCQjw9obIBhCAARIsAGHm1mQB7ELrjFX8xIIk_jqrKRmhtt-e1DrFAru9NzE4ExOFVNCawu3NOUIaAuuoEALw_wcB,41.11408571715527,-8.60131763155496,true
casal-de-passos,,Casal de Passos,,,,,,,,,,41.16276321077935,-8.670590208487024,true
flores,,Flores,Porto,em_construcao,Douro Habitat,,2026,12,,,https://www.dourohabitat.com/praca-das-flores-porto,41.156491771569364,-8.590431714223085,true
campo-do-ouro,,Campo do Ouro,Penafiel,licenciado,MCaetano,,2028,12,,,,41.22006286914844,-8.25050196676966,true
le-parc,,LE PARC,VILA NOVA DE GAIA,em_construcao,EFIMOVEIS,T3,2025,12,4000,,https://admin.egorealestate.com/egocore/development/25072552,41.13093844241951,-8.647862449427462,true
privilege,,PRIVILEGE,VILA NOVA DE GAIA,em_construcao,4A EMPREENDIMENTOS,T1 | T2 | T3 | T4,2026,4,,,https://4a.pt/empreendimentos/privilege/,41.12676720277578,-8.629419439680488,true
smart-concept,,SMART CONCEPT,VILA NOVA DE GAIA,em_construcao,FOUR PARTNERS,Smart 1 | Smart2 | Smart 2 Duplex,2028,2,,,https://smartconceptgaia.pt/#local,41.13062675920475,-8.627559034562012,true
ocean-side,,OCEAN SIDE,VILA NOVA DE GAIA,licenciado,FOUR PARTNERS,T1 | T2 | T3 | T3 DUP,,,,,https://4a.pt/empreendimentos/ocean-side/,41.13024596230538,-8.65335283092408,true
evidence,,EVIDENCE,VILA NOVA DE GAIA,licenciado,FOUR PARTNERS,T1 | T2 | T3,2028,2,,,https://4a.pt/empreendimentos/evidence/,41.12640353147233,-8.63018118705627,true
collegium-canidelo,,COLLEGIUM CANIDELO,VILA NOVA DE GAIA,em_construcao,CARFAM INVESTIMENTOS IMOBILIÁRIOS,T1 | T2 | T3,2026,4,,,https://carfam.pt/projectos-em-desenvolvimentos/,41.12867592074932,-8.64977905140046,true
GPP-2025-001,GPP-2025-001,APARTAMENTO T1 - AV. PREMIUM,VILA NOVA DE GAIA,em_construcao,,T1,2025,12,3604,269000,,41.11708188512236,-8.606825545756307,false
APA_53911,APA_53911,APARTAMENTO T3,PORTO,concluido,,T3,2025,11,3967,365000,https://www.garveturproperties.com/detalhes-do-imovel/apartamento-t3-novo-em-ramalde-porto/24795389,41.172637510091,-8.652321918771056,false
APA_53244,APA_53244,APARTAMENTO T1 - AV. DE GAIA no GREEN HOUSE,VILA NOVA DE GAIA,em_construcao,,T1,2026,7,5564,285990,https://www.garveturproperties.com/detalhes-do-imovel/apartamento-t1-em-localizacao-privilegiada-vila-nova-de-gaia/23068610,41.127191519453355,-8.606994221005051,false
APA_52762,APA_52762,Apartamento Dup. T3 - Canide Norte,Vila Nova de Gaia,concluido,,,,,8080,1090000,https://www.garveturproperties.com/detalhes-do-imovel/apartamento-t3-penthouse-com-piscina-privativa-no-canidelo-vila-nova-de-gaia/21648306,41.116037912106925,-8.661272616920101,false
HAB_52909,HAB_52909,Moradia T4 na Rua do Pinheiro Manso,Porto,concluido,,,,,10599,2300000,https://www.garveturproperties.com/detalhes-do-imovel/moradia-isolada-de-prestigio-com-arquitetura-dos-anos-60-no-porto/21766465,41.16225753811006,-8.6527492880814,false
